<?xml version="1.0" encoding="UTF-8"?>
<faces-config
    xmlns="http://xmlns.jcp.org/xml/ns/javaee"
    xmlns:xsi="http://www.w3.org/2001/XMLSchema-instance"
    xsi:schemaLocation="http://xmlns.jcp.org/xml/ns/javaee http://xmlns.jcp.org/xml/ns/javaee/web-facesconfig_2_2.xsd"
    version="2.2">
	<managed-bean>
		<managed-bean-name>loginBean1</managed-bean-name>
		<managed-bean-class>com.uic.edu.LoginBean</managed-bean-class>
		<managed-bean-scope>session</managed-bean-scope>
	</managed-bean>
	<navigation-rule>
		<display-name>Login</display-name>
		<from-view-id>/Login.jsp</from-view-id>
		<navigation-case>
			<from-outcome>instructor</from-outcome>
			<to-view-id>/InstructorPage.jsp</to-view-id>
		</navigation-case>
		<navigation-case>
			<from-outcome>student</from-outcome>
			<to-view-id>/StudentPage.jsp</to-view-id>
		</navigation-case>
		<navigation-case>
			<from-outcome>admin</from-outcome>
			<to-view-id>/AdminPage.jsp</to-view-id>
		</navigation-case>
		<navigation-case>
			<from-outcome>false</from-outcome>
			<to-view-id>/Login.jsp</to-view-id>
		</navigation-case>
	</navigation-rule>
	
	<managed-bean>
		<managed-bean-name>courseBean1</managed-bean-name>
		<managed-bean-class>com.uic.edu.CourseBean</managed-bean-class>
		<managed-bean-scope>session</managed-bean-scope>
	</managed-bean>
	
</faces-config>
